id,decedent,obit_link
1,Jesus S. Sierra,https://meritm.funeraltechweb.com/tribute/details/1402/Jesus-Sierra/obituary.html#tribute-start
2,James Robert Cline,https://meritm.funeraltechweb.com/tribute/details/1403/James-Cline/obituary.html#tribute-start
3,John W. Norris,https://meritm.funeraltechweb.com/tribute/details/1406/John-Norris/obituary.html#tribute-start
4,Angela Carmel Stovall,https://meritm.funeraltechweb.com/tribute/details/1399/Angela-Stovall/obituary.html#tribute-start
5,Dawn Diane Neville,https://meritm.funeraltechweb.com/tribute/details/1400/Dawn-Neville/obituary.html#tribute-start
6,Matilde Piscoya,https://meritm.funeraltechweb.com/tribute/details/1401/Matilde-Piscoya/obituary.html#tribute-start
7,Jamie Lee Holder,https://meritm.funeraltechweb.com/tribute/details/1408/Jamie-Holder/obituary.html#tribute-start
8,Elian Manuel Emmons,https://meritm.funeraltechweb.com/tribute/details/1398/Elian-Emmons/obituary.html#tribute-start
9,Juana Alicia Tovar,https://meritm.funeraltechweb.com/tribute/details/1389/Juana-Tovar/obituary.html#tribute-start
10,Michael Quintero,https://meritm.funeraltechweb.com/tribute/details/1388/Michael-Quintero/obituary.html#tribute-start
11,Manuel De Jesus Ramirez Garcia,https://meritm.funeraltechweb.com/tribute/details/1380/Manuel-de-Jesus-Ramirez-Garcia/obituary.html#tribute-start
12,Dianne Violet Daugherty,https://meritm.funeraltechweb.com/tribute/details/1378/Dianne-Daugherty/obituary.html#tribute-start
13,Robert Lee Soto,https://meritm.funeraltechweb.com/tribute/details/1379/Robert-Soto/obituary.html#tribute-start
14,Isabel Gutierrez De Hernandez,https://meritm.funeraltechweb.com/tribute/details/1371/Isabel-Gutierrez-de-Hernandez/obituary.html#tribute-start
15,Belinda Robinson,https://meritm.funeraltechweb.com/tribute/details/1359/Belinda-Robinson/obituary.html#tribute-start
16,Dora Ana Fajardo,https://meritm.funeraltechweb.com/tribute/details/1362/Dora-Fajardo/obituary.html#tribute-start
17,Blanche Meyer,https://meritm.funeraltechweb.com/tribute/details/1361/Blanche-Meyer/obituary.html#tribute-start
18,J. Isabel Rodriguez,https://meritm.funeraltechweb.com/tribute/details/1348/J-Rodriguez/obituary.html#tribute-start
19,Maria Del Socorro Montes Valles,https://meritm.funeraltechweb.com/tribute/details/1342/Maria-del-Socorro-Montes-Valles/obituary.html#tribute-start
20,Michael Odis Thomas,https://meritm.funeraltechweb.com/tribute/details/1343/Michael-Thomas/obituary.html#tribute-start
21,Donna Carol Childs,https://meritm.funeraltechweb.com/tribute/details/1345/Donna-Childs/obituary.html#tribute-start
22,Adrian Solis Urbina,https://meritm.funeraltechweb.com/tribute/details/1347/Adrian-Urbina/obituary.html#tribute-start
23,Charlotte Ray Brown,https://meritm.funeraltechweb.com/tribute/details/1337/Charlotte-Brown/obituary.html#tribute-start
24,Anselmo Martinez,https://meritm.funeraltechweb.com/tribute/details/1340/Anselmo-Martinez/obituary.html#tribute-start
25,Barbara Ann Williams,https://meritm.funeraltechweb.com/tribute/details/1329/Barbara-Williams/obituary.html#tribute-start
26,Roy Lee Patterson,https://meritm.funeraltechweb.com/tribute/details/1325/Roy-Patterson/obituary.html#tribute-start
27,Javier Torres Arriaga,https://meritm.funeraltechweb.com/tribute/details/1321/Javier-Torres-Arriaga/obituary.html#tribute-start
28,Thomas Edward Engert,https://meritm.funeraltechweb.com/tribute/details/1326/Thomas-Engert/obituary.html#tribute-start
29,Elizabeth Ramos,https://meritm.funeraltechweb.com/tribute/details/1322/Elizabeth-Ramos/obituary.html#tribute-start
30,Jameson Rodriguez,https://meritm.funeraltechweb.com/tribute/details/1318/Jameson-Rodriguez/obituary.html#tribute-start
31,Lisa Notko,https://meritm.funeraltechweb.com/tribute/details/1305/Lisa-Notko/obituary.html#tribute-start
32,Lawrence Cornwell,https://meritm.funeraltechweb.com/tribute/details/1306/Lawrence-Cornwell/obituary.html#tribute-start
33,Karin Crosby,https://meritm.funeraltechweb.com/tribute/details/1302/Karin-Crosby/obituary.html#tribute-start
34,Isidoro Hernandez,https://meritm.funeraltechweb.com/tribute/details/1300/Isidoro-Hernandez/obituary.html#tribute-start
35,Alice Wilcox,https://meritm.funeraltechweb.com/tribute/details/1298/Alice-Wilcox/obituary.html#tribute-start
36,Victoria B. McPherson,https://meritm.funeraltechweb.com/tribute/details/1292/Victoria-McPherson/obituary.html#tribute-start
37,Kevin Colbert,https://meritm.funeraltechweb.com/tribute/details/1311/Kevin-Colbert/obituary.html#tribute-start
38,Enrique Cruz Olide,https://meritm.funeraltechweb.com/tribute/details/1284/Enrique-Cruz-Olide/obituary.html#tribute-start
39,Robert Jack Seher,https://meritm.funeraltechweb.com/tribute/details/1253/Robert-Seher/obituary.html#tribute-start
40,Kevin Horn,https://meritm.funeraltechweb.com/tribute/details/1281/Kevin-Horn/obituary.html#tribute-start
41,Alicia Hernandez Orta,https://meritm.funeraltechweb.com/tribute/details/1280/Alicia-Hernandez-Orta/obituary.html#tribute-start
42,Lisa Francesca Remington,https://meritm.funeraltechweb.com/tribute/details/1270/Lisa-Remington/obituary.html#tribute-start
43,Diane Marie Larsen,https://meritm.funeraltechweb.com/tribute/details/1283/Diane-Larsen/obituary.html#tribute-start
44,Ismael Rodriguez,https://meritm.funeraltechweb.com/tribute/details/1265/Ismael-Rodriguez/obituary.html#tribute-start
45,Atanacio Sanchez,https://meritm.funeraltechweb.com/tribute/details/1264/Atanacio-Sanchez/obituary.html#tribute-start
46,Lavon Benson,https://meritm.funeraltechweb.com/tribute/details/1260/Lavon-Benson/obituary.html#tribute-start
47,Sarah Blythe,https://meritm.funeraltechweb.com/tribute/details/1261/Sarah-Blythe/obituary.html#tribute-start
48,Deborah Ann Bennett,https://meritm.funeraltechweb.com/tribute/details/1273/Deborah-Bennett/obituary.html#tribute-start
49,Patricia Romanchuk,https://meritm.funeraltechweb.com/tribute/details/1256/Patricia-Romanchuk/obituary.html#tribute-start
50,Jose Omar Marquez Cruz,https://meritm.funeraltechweb.com/tribute/details/1257/Jose-Marquez-Cruz/obituary.html#tribute-start
51,Bernabe Barelas,https://meritm.funeraltechweb.com/tribute/details/1258/Bernabe-Barelas/obituary.html#tribute-start
52,Richard Mureen,https://meritm.funeraltechweb.com/tribute/details/1244/Richard-Mureen/obituary.html#tribute-start
53,David Wilson Gray,https://meritm.funeraltechweb.com/tribute/details/1255/David-Gray/obituary.html#tribute-start
54,Jose Refugio Ramirez,https://meritm.funeraltechweb.com/tribute/details/1246/Jose-Ramirez/obituary.html#tribute-start
55,Ralph Rollans,https://meritm.funeraltechweb.com/tribute/details/1237/Ralph-Rollans/obituary.html#tribute-start
56,Jackie Lee Klinzmann,https://meritm.funeraltechweb.com/tribute/details/1242/Jackie-Klinzmann/obituary.html#tribute-start
57,Jose Reyes Ramirez,https://meritm.funeraltechweb.com/tribute/details/1238/Jose-Reyes-Ramirez/obituary.html#tribute-start
58,Laura Ruth Burnette,https://meritm.funeraltechweb.com/tribute/details/1231/Laura-Burnette/obituary.html#tribute-start
59,Charles Carter,https://meritm.funeraltechweb.com/tribute/details/1228/Charles-Carter/obituary.html#tribute-start
60,Martin Medina Avila,https://meritm.funeraltechweb.com/tribute/details/1229/Martin-Medina-Avila/obituary.html#tribute-start
61,Jessie Glen Sloan,https://meritm.funeraltechweb.com/tribute/details/1226/Jessie-Sloan/obituary.html#tribute-start
62,Thomas Stuart Ducote Sr.,https://meritm.funeraltechweb.com/tribute/details/1224/Thomas-Ducote-Sr/obituary.html#tribute-start
63,Victor Munoz,https://meritm.funeraltechweb.com/tribute/details/1225/Victor-Munoz/obituary.html#tribute-start
64,James Allen Brown Jr.,https://meritm.funeraltechweb.com/tribute/details/1218/James-Brown-Jr/obituary.html#tribute-start
65,Vinson Ray Clemmons,https://meritm.funeraltechweb.com/tribute/details/1207/Vinson-Clemmons/obituary.html#tribute-start
66,Theresa Hensley,https://meritm.funeraltechweb.com/tribute/details/1201/Theresa-Hensley/obituary.html#tribute-start
67,Maria De Jesus Duran Garza,https://meritm.funeraltechweb.com/tribute/details/1205/Maria-de-Jesus-Duran-Garza/obituary.html#tribute-start
68,Marceline Layton,https://meritm.funeraltechweb.com/tribute/details/1202/Marceline-Layton/obituary.html#tribute-start
69,James Cornell Hazen,https://meritm.funeraltechweb.com/tribute/details/1195/James-Hazen/obituary.html#tribute-start
70,Benito Rodriguez,https://meritm.funeraltechweb.com/tribute/details/1193/Benito-Rodriguez/obituary.html#tribute-start
71,Armando Faz Gonzalez,https://meritm.funeraltechweb.com/tribute/details/1194/Armando-Faz-Gonzalez/obituary.html#tribute-start
72,Camila Alejandra Sandoval Lopez,https://meritm.funeraltechweb.com/tribute/details/1197/Camila-Sandoval-Lopez/obituary.html#tribute-start
73,Madelyn E. Knott,https://meritm.funeraltechweb.com/tribute/details/1186/Madelyn-Knott/obituary.html#tribute-start
74,Katherine Greenwood,https://meritm.funeraltechweb.com/tribute/details/1181/Katherine-Greenwood/obituary.html#tribute-start
75,Amber Negrete Hernandez,https://meritm.funeraltechweb.com/tribute/details/1175/Amber-Negrete-Hernandez/obituary.html#tribute-start
76,Etta Marie Pelican,https://meritm.funeraltechweb.com/tribute/details/1179/Etta-Pelican/obituary.html#tribute-start
77,Juan Carlos Ortiz,https://meritm.funeraltechweb.com/tribute/details/1168/Juan-Ortiz/obituary.html#tribute-start
78,Ina Jane Braly,https://meritm.funeraltechweb.com/tribute/details/1160/Ina-Braly/obituary.html#tribute-start
79,Nell Naomi Hudson Schmitt,https://meritm.funeraltechweb.com/tribute/details/1153/Nell-Hudson-Schmitt/obituary.html#tribute-start
80,Oliverio Brito Landa,https://meritm.funeraltechweb.com/tribute/details/1159/Oliverio-Brito-Landa/obituary.html#tribute-start
81,Leah Muenzler Campbell,https://meritm.funeraltechweb.com/tribute/details/1150/Leah-Muenzler-Campbell/obituary.html#tribute-start
82,Betty Jane Whiting,https://meritm.funeraltechweb.com/tribute/details/1144/Betty-Whiting/obituary.html#tribute-start
83,Zeferina Santiago,https://meritm.funeraltechweb.com/tribute/details/1143/Zeferina-Santiago/obituary.html#tribute-start
84,Anna Jane McGuire,https://meritm.funeraltechweb.com/tribute/details/1139/Anna-McGuire/obituary.html#tribute-start
85,Theron Scott Robinson,https://meritm.funeraltechweb.com/tribute/details/1136/Theron-Robinson/obituary.html#tribute-start
86,Beecher Lofton,https://meritm.funeraltechweb.com/tribute/details/1133/Beecher-Lofton/obituary.html#tribute-start
87,Elodina Salinas,https://meritm.funeraltechweb.com/tribute/details/1125/Elodina-Salinas/obituary.html#tribute-start
88,Joaquin Estrada Cervantes,https://meritm.funeraltechweb.com/tribute/details/1122/Joaquin-Estrada-Cervantes/obituary.html#tribute-start
89,Aurora Sermeno Morales,https://meritm.funeraltechweb.com/tribute/details/1114/Aurora-Sermeno-Morales/obituary.html#tribute-start
90,Nicolas Solis Sauceda,https://meritm.funeraltechweb.com/tribute/details/1117/Nicolas-Solis-Sauceda/obituary.html#tribute-start
91,Mimi Elizabeth Wilson,https://meritm.funeraltechweb.com/tribute/details/1116/Mimi-Wilson/obituary.html#tribute-start
92,Angela Peterson,https://meritm.funeraltechweb.com/tribute/details/1105/Angela-Peterson/obituary.html#tribute-start
93,Joshua Steven Baldasaro,https://meritm.funeraltechweb.com/tribute/details/1101/Joshua-Baldasaro/obituary.html#tribute-start
94,Brian Dominguez Ortiz,https://meritm.funeraltechweb.com/tribute/details/1103/Brian-Ortiz/obituary.html#tribute-start
95,Linda S. Berta,https://meritm.funeraltechweb.com/tribute/details/1100/Linda-Berta/obituary.html#tribute-start
96,Mario Montenegro,https://meritm.funeraltechweb.com/tribute/details/1092/Mario-Montenegro/obituary.html#tribute-start
97,Guadalupe Rocha,https://meritm.funeraltechweb.com/tribute/details/1090/Guadalupe-Rocha/obituary.html#tribute-start
98,Carmelo Cruz,https://meritm.funeraltechweb.com/tribute/details/1094/Carmelo-Cruz/obituary.html#tribute-start
99,Gregorio Gurrola - Rodriguez,https://meritm.funeraltechweb.com/tribute/details/1088/Gregorio-Gurrola-Rodriguez/obituary.html#tribute-start
100,Marilyn Elaine Harman,https://meritm.funeraltechweb.com/tribute/details/1084/Marilyn-Harman/obituary.html#tribute-start
101,Ronald Eugene Davis,https://meritm.funeraltechweb.com/tribute/details/1085/Ronald-Davis/obituary.html#tribute-start
102,Michael Leslie Karnes,https://meritm.funeraltechweb.com/tribute/details/1066/Michael-Karnes/obituary.html#tribute-start
103,Philippe Semprez,https://meritm.funeraltechweb.com/tribute/details/1081/Philippe-Semprez/obituary.html#tribute-start
104,Marcelina Trejo Trejo,https://meritm.funeraltechweb.com/tribute/details/1074/Marcelina-Trejo-Trejo/obituary.html#tribute-start
105,Manuel Castro,https://meritm.funeraltechweb.com/tribute/details/1078/Manuel-Castro/obituary.html#tribute-start
106,Jose Antonio Olvera Vargas,https://meritm.funeraltechweb.com/tribute/details/1071/Jose-Olvera-Vargas/obituary.html#tribute-start
107,Marie C. Miranda,https://meritm.funeraltechweb.com/tribute/details/1069/Marie-Miranda/obituary.html#tribute-start
108,Ernesto Martinez,https://meritm.funeraltechweb.com/tribute/details/1063/Ernesto-Martinez/obituary.html#tribute-start
109,Amparo Valdez,https://meritm.funeraltechweb.com/tribute/details/1049/Amparo-Valdez/obituary.html#tribute-start
110,James Tony Goolsby,https://meritm.funeraltechweb.com/tribute/details/1050/James-Goolsby/obituary.html#tribute-start
111,Angel Luis Molina Rosado,https://meritm.funeraltechweb.com/tribute/details/1051/Angel-Molina-Rosado/obituary.html#tribute-start
112,Harold Dion Holland,https://meritm.funeraltechweb.com/tribute/details/1046/Harold-Holland/obituary.html#tribute-start
113,Robert James Dragone,https://meritm.funeraltechweb.com/tribute/details/1038/Robert-Dragone/obituary.html#tribute-start
114,Brandy Rodriguez,https://meritm.funeraltechweb.com/tribute/details/1036/Brandy-Rodriguez/obituary.html#tribute-start
115,Eric Lopez,https://meritm.funeraltechweb.com/tribute/details/1045/Eric-Lopez/obituary.html#tribute-start
116,Albert Lee Young,https://meritm.funeraltechweb.com/tribute/details/1035/Albert-Young-Sr/obituary.html#tribute-start
117,Patricia Greene,https://meritm.funeraltechweb.com/tribute/details/1034/Patricia-Greene/obituary.html#tribute-start
118,J. Felix Hernandez Noyola,https://meritm.funeraltechweb.com/tribute/details/1027/J-Felix-Hernandez-Noyola/obituary.html#tribute-start
119,Matthew Caleb Fitch,https://meritm.funeraltechweb.com/tribute/details/1030/Matthew-Fitch/obituary.html#tribute-start
120,Sally Rinaldi,https://meritm.funeraltechweb.com/tribute/details/1018/Sally-Rinaldi/obituary.html#tribute-start
121,Melvin Simmons,https://meritm.funeraltechweb.com/tribute/details/1019/Melvin-Simmons/obituary.html#tribute-start
122,Hector Ramirez,https://meritm.funeraltechweb.com/tribute/details/1024/Hector-Ramirez/obituary.html#tribute-start
123,Edmund Patschull,https://meritm.funeraltechweb.com/tribute/details/1017/Edmund-Patschull/obituary.html#tribute-start
124,Lois Osgood,https://meritm.funeraltechweb.com/tribute/details/1010/Lois-Osgood/obituary.html#tribute-start
125,Filemon Martinez,https://meritm.funeraltechweb.com/tribute/details/1016/Filemon-Martinez/obituary.html#tribute-start
126,Ruben Medellin,https://meritm.funeraltechweb.com/tribute/details/1007/Ruben-Medellin/obituary.html#tribute-start
127,Charles Larry Lamb,https://meritm.funeraltechweb.com/tribute/details/1002/Charles-Lamb/obituary.html#tribute-start
128,James Clark Almand,https://meritm.funeraltechweb.com/tribute/details/999/James-Almand/obituary.html#tribute-start
129,Lavena Robinson,https://meritm.funeraltechweb.com/tribute/details/998/Lavena-Robinson/obituary.html#tribute-start
130,Eufracia Dominguez,https://meritm.funeraltechweb.com/tribute/details/1000/Eufracia-Dominguez/obituary.html#tribute-start
131,Samira De Jesus Rodarte Roman,https://meritm.funeraltechweb.com/tribute/details/997/Samira-De-Jesus-Rodarte-Roman/obituary.html#tribute-start
132,Guadalupe Oscar Castillo,https://meritm.funeraltechweb.com/tribute/details/994/Guadalupe-Castillo/obituary.html#tribute-start
133,Mary Ellen Robledo,https://meritm.funeraltechweb.com/tribute/details/982/Mary-Robledo/obituary.html#tribute-start
134,Joanne Elizabeth Schulze,https://meritm.funeraltechweb.com/tribute/details/984/Joanne-Schulze/obituary.html#tribute-start
135,Rex Orin Crowell,https://meritm.funeraltechweb.com/tribute/details/976/Rex-Crowell/obituary.html#tribute-start
136,Carmen Ivette Pi Arbona,https://meritm.funeraltechweb.com/tribute/details/978/Carmen-Pi-Arbona/obituary.html#tribute-start
137,Bryan Floyd,https://meritm.funeraltechweb.com/tribute/details/972/Bryan-Floyd/obituary.html#tribute-start
138,Eloy Otlica Balderrabano,https://meritm.funeraltechweb.com/tribute/details/975/Eloy-Otlica-Balderrabano/obituary.html#tribute-start
139,Ivy Ashley Lindloff,https://meritm.funeraltechweb.com/tribute/details/965/Ivy-Lindloff/obituary.html#tribute-start
140,Theresa Pierson,https://meritm.funeraltechweb.com/tribute/details/966/Theresa-Pierson/obituary.html#tribute-start
141,Jared Hardy Decker,https://meritm.funeraltechweb.com/tribute/details/968/Jared-Decker/obituary.html#tribute-start
142,Kay Dillon Fore,https://meritm.funeraltechweb.com/tribute/details/961/Kay-Fore/obituary.html#tribute-start
143,Jose Luis Piscoya Cabrejos,https://meritm.funeraltechweb.com/tribute/details/962/Jose-Piscoya-Cabrejos/obituary.html#tribute-start
144,Ronnie Lynn Irwin,https://meritm.funeraltechweb.com/tribute/details/963/Ronnie-Irwin/obituary.html#tribute-start
145,Lorenzo R. Puente,https://meritm.funeraltechweb.com/tribute/details/967/Lorenzo-Puente-Jr/obituary.html#tribute-start
146,Marilyn Corinne Green,https://meritm.funeraltechweb.com/tribute/details/949/Marilyn-Green/obituary.html#tribute-start
147,Bryan R. OrduÑA,https://meritm.funeraltechweb.com/tribute/details/945/Bryan-R-Ordu-a/obituary.html#tribute-start
148,Julio Cesar Hurtado PeÑAranda Jr.,https://meritm.funeraltechweb.com/tribute/details/942/Julio-Hurtado-Pe-aranda-Jr/obituary.html#tribute-start
149,Abishai Ashur Lawson,https://meritm.funeraltechweb.com/tribute/details/928/Abishai-Lawson/obituary.html#tribute-start
150,Yvonne Sheard,https://meritm.funeraltechweb.com/tribute/details/926/Yvonne-Sheard/obituary.html#tribute-start
151,Errol Morales,https://meritm.funeraltechweb.com/tribute/details/923/Errol-Morales/obituary.html#tribute-start
152,Guadalupe Sallabedra,https://meritm.funeraltechweb.com/tribute/details/919/Guadalupe-Sallabedra/obituary.html#tribute-start
153,"Walter Gabriel ""Gabe"" Dyer",https://meritm.funeraltechweb.com/tribute/details/922/Walter-Dyer/obituary.html#tribute-start
154,Dorothy Mae Blake,https://meritm.funeraltechweb.com/tribute/details/907/Dorothy-Blake/obituary.html#tribute-start
155,Virginia Escalante,https://meritm.funeraltechweb.com/tribute/details/903/Virginia-Escalante/obituary.html#tribute-start
156,Alicia F. Ruiz,https://meritm.funeraltechweb.com/tribute/details/902/Alicia-Ruiz/obituary.html#tribute-start
157,Stanley Sikorski,https://meritm.funeraltechweb.com/tribute/details/727/Stanley-Sikorski/obituary.html#tribute-start
158,Linda Milbourn,https://meritm.funeraltechweb.com/tribute/details/896/Linda-Milbourn/obituary.html#tribute-start
159,Robert C. Lewis,https://meritm.funeraltechweb.com/tribute/details/887/Robert-Lewis/obituary.html#tribute-start
160,Jose Avila,https://meritm.funeraltechweb.com/tribute/details/884/Jose-Avila/obituary.html#tribute-start
161,Mary Joyce Klopack,https://meritm.funeraltechweb.com/tribute/details/879/Mary-Klopack/obituary.html#tribute-start
162,Taylor Davis,https://meritm.funeraltechweb.com/tribute/details/875/Taylor-Davis/obituary.html#tribute-start
163,Janet Walbeck,https://meritm.funeraltechweb.com/tribute/details/877/Janet-Walbeck/obituary.html#tribute-start
164,Don McFarland,https://meritm.funeraltechweb.com/tribute/details/873/Don-McFarland/obituary.html#tribute-start
165,David Rogers,https://meritm.funeraltechweb.com/tribute/details/871/David-Rogers/obituary.html#tribute-start
166,Maria Hernandez,https://meritm.funeraltechweb.com/tribute/details/867/Maria-Hernandez/obituary.html#tribute-start
167,Mary Gertrude Shove,https://meritm.funeraltechweb.com/tribute/details/860/Mary-Shove/obituary.html#tribute-start
168,Cesar Sanchez,https://meritm.funeraltechweb.com/tribute/details/861/Cesar-Sanchez/obituary.html#tribute-start
169,Charles Hall Jr.,https://meritm.funeraltechweb.com/tribute/details/866/Charles-Hall-Jr/obituary.html#tribute-start
170,Christopher Robert Agson,https://meritm.funeraltechweb.com/tribute/details/853/Christopher-Agson/obituary.html#tribute-start
171,Karl Winter,https://meritm.funeraltechweb.com/tribute/details/856/Karl-Winter/obituary.html#tribute-start
172,James Morgan,https://meritm.funeraltechweb.com/tribute/details/836/James-Morgan/obituary.html#tribute-start
173,Jerry Wayne West,https://meritm.funeraltechweb.com/tribute/details/832/Jerry-West/obituary.html#tribute-start
174,Robert Hodgkinson,https://meritm.funeraltechweb.com/tribute/details/823/Robert-Hodgkinson/obituary.html#tribute-start
175,Patsy Lou Todd,https://meritm.funeraltechweb.com/tribute/details/825/Patsy-Todd/obituary.html#tribute-start
176,Judy Latimer McCampbell,https://meritm.funeraltechweb.com/tribute/details/817/Judy-McCampbell/obituary.html#tribute-start
177,Vicki Peraino,https://meritm.funeraltechweb.com/tribute/details/810/Vicki-Peraino/obituary.html#tribute-start
178,Cruz Kelly,https://meritm.funeraltechweb.com/tribute/details/802/Cruz-Kelly/obituary.html#tribute-start
179,Donald Edward Lee,https://meritm.funeraltechweb.com/tribute/details/808/Donald-Lee/obituary.html#tribute-start
180,Victor Hugo Benavides,https://meritm.funeraltechweb.com/tribute/details/801/Victor-Benavides/obituary.html#tribute-start
181,Esther Yung,https://meritm.funeraltechweb.com/tribute/details/781/Esther-Yung/obituary.html#tribute-start
182,Victoria G. Brewster,https://meritm.funeraltechweb.com/tribute/details/796/Victoria-Brewster/obituary.html#tribute-start
183,Lisa Rowe,https://meritm.funeraltechweb.com/tribute/details/786/Lisa-Rowe/obituary.html#tribute-start
184,Candyce Lynn Baric,https://meritm.funeraltechweb.com/tribute/details/784/Candyce-Baric/obituary.html#tribute-start
185,Oscar Montalvo,https://meritm.funeraltechweb.com/tribute/details/789/Oscar-Montalvo/obituary.html#tribute-start
186,Angela Zepeda,https://meritm.funeraltechweb.com/tribute/details/783/Angela-Zepeda/obituary.html#tribute-start
187,Rose Mary Hedrick,https://meritm.funeraltechweb.com/tribute/details/774/Rose-Hedrick/obituary.html#tribute-start
188,Dorothy Cunningham,https://meritm.funeraltechweb.com/tribute/details/778/Dorothy-Cunningham/obituary.html#tribute-start
189,Blanca Villegas,https://meritm.funeraltechweb.com/tribute/details/776/Blanca-Villegas/obituary.html#tribute-start
190,James Stogner,https://meritm.funeraltechweb.com/tribute/details/773/James-Stogner/obituary.html#tribute-start
191,Roger G. Wright,https://meritm.funeraltechweb.com/tribute/details/771/Roger-Wright/obituary.html#tribute-start
192,William Arthur Foley,https://meritm.funeraltechweb.com/tribute/details/761/William-Foley-Jr/obituary.html#tribute-start
193,Jesus Alejandro Marines,https://meritm.funeraltechweb.com/tribute/details/745/Jesus-Marines/obituary.html#tribute-start
194,Juan Trujillo Monsivais,https://meritm.funeraltechweb.com/tribute/details/747/Juan-Trujillo-Monsivais/obituary.html#tribute-start
195,Harold W. Holmes,https://meritm.funeraltechweb.com/tribute/details/735/Harold-Holmes/obituary.html#tribute-start
196,Catherine Illene Samuel,https://meritm.funeraltechweb.com/tribute/details/740/Catherine-Samuel/obituary.html#tribute-start
197,Barbara S. Link,https://meritm.funeraltechweb.com/tribute/details/736/Barbara-Link/obituary.html#tribute-start
198,Cheryl Lyons,https://meritm.funeraltechweb.com/tribute/details/730/Cheryl-Lyons/obituary.html#tribute-start
199,Doris Arlene Whitemyer,https://meritm.funeraltechweb.com/tribute/details/731/Doris-Whitemyer/obituary.html#tribute-start
200,Ollie Brantley,https://meritm.funeraltechweb.com/tribute/details/732/Ollie-Brantley/obituary.html#tribute-start
201,Jose Jesus Lara Canedo,https://meritm.funeraltechweb.com/tribute/details/798/Jose-Lara-Canedo/obituary.html#tribute-start
202,Beverly Doke,https://meritm.funeraltechweb.com/tribute/details/725/Beverly-Doke/obituary.html#tribute-start
203,Gerardo Rodriguez,https://meritm.funeraltechweb.com/tribute/details/710/Gerardo-Rodriguez/obituary.html#tribute-start
204,Veva Gibson,https://meritm.funeraltechweb.com/tribute/details/708/Veva-Gibson/obituary.html#tribute-start
205,Larry G. Allen,https://meritm.funeraltechweb.com/tribute/details/712/Larry-Allen/obituary.html#tribute-start
206,James Raymond Noell,https://meritm.funeraltechweb.com/tribute/details/707/James-Noell/obituary.html#tribute-start
207,Kenneth John Humes,https://meritm.funeraltechweb.com/tribute/details/701/Kenneth-Humes/obituary.html#tribute-start
208,Antonio Zapata Martinez,https://meritm.funeraltechweb.com/tribute/details/703/Antonio-Zapata-Martinez/obituary.html#tribute-start
209,Karen Schlatterer,https://meritm.funeraltechweb.com/tribute/details/699/Karen-Schlatterer/obituary.html#tribute-start
210,David Kanter,https://meritm.funeraltechweb.com/tribute/details/698/David-Kanter/obituary.html#tribute-start
211,Joan Parker,https://meritm.funeraltechweb.com/tribute/details/695/Joan-Parker/obituary.html#tribute-start
212,Denise Lewis,https://meritm.funeraltechweb.com/tribute/details/691/Denise-Lewis/obituary.html#tribute-start
213,Jonathan Clay Massey,https://meritm.funeraltechweb.com/tribute/details/688/Jonathan-Massey/obituary.html#tribute-start
214,Emma Jewel Caldwell,https://meritm.funeraltechweb.com/tribute/details/679/Emma-Caldwell/obituary.html#tribute-start
215,Robert Stewart Logue,https://meritm.funeraltechweb.com/tribute/details/676/Robert-Logue/obituary.html#tribute-start
216,Yolanda Denise Keyes,https://meritm.funeraltechweb.com/tribute/details/678/Yolanda-Keyes/obituary.html#tribute-start
217,Buddy Funck,https://meritm.funeraltechweb.com/tribute/details/668/Buddy-Funck/obituary.html#tribute-start
218,Carolyn Rose Jenkins,https://meritm.funeraltechweb.com/tribute/details/666/Carolyn-Jenkins/obituary.html#tribute-start
219,Fletcher Earl Clark,https://meritm.funeraltechweb.com/tribute/details/661/Fletcher-Clark/obituary.html#tribute-start
220,Barry Wolcott,https://meritm.funeraltechweb.com/tribute/details/653/Barry-Wolcott/obituary.html#tribute-start
221,Wendell Evans,https://meritm.funeraltechweb.com/tribute/details/650/Wendell-Evans/obituary.html#tribute-start
222,Gary Hamilton Cash,https://meritm.funeraltechweb.com/tribute/details/654/Gary-Cash/obituary.html#tribute-start
223,Lorinda Chriesman,https://meritm.funeraltechweb.com/tribute/details/634/Lorinda-Chriesman/obituary.html#tribute-start
224,Ever Chaparro Bautista,https://meritm.funeraltechweb.com/tribute/details/656/Ever-Chaparro-Bautista/obituary.html#tribute-start
225,Melanie Howell,https://meritm.funeraltechweb.com/tribute/details/629/Melanie-Howell/obituary.html#tribute-start
226,Kenneth Lyle Taylor,https://meritm.funeraltechweb.com/tribute/details/625/Kenneth-Taylor/obituary.html#tribute-start
227,Gerald Doke,https://meritm.funeraltechweb.com/tribute/details/624/Gerald-Doke/obituary.html#tribute-start
228,William Leroy Caldwell,https://meritm.funeraltechweb.com/tribute/details/623/William-Caldwell/obituary.html#tribute-start
229,Joseph Anthony Miller,https://meritm.funeraltechweb.com/tribute/details/619/Joseph-Miller/obituary.html#tribute-start
230,Martha Balderas,https://meritm.funeraltechweb.com/tribute/details/622/Martha-Balderas/obituary.html#tribute-start
231,Stephanie Thomas Howard,https://meritm.funeraltechweb.com/tribute/details/615/Stephanie-Howard/obituary.html#tribute-start
232,Susan B. Gram,https://meritm.funeraltechweb.com/tribute/details/616/Susan-Gram/obituary.html#tribute-start
233,Jack T. Richardson,https://meritm.funeraltechweb.com/tribute/details/618/Jack-Richardson/obituary.html#tribute-start
234,Viengxay Inthachack,https://meritm.funeraltechweb.com/tribute/details/617/Viengxay-Inthachack/obituary.html#tribute-start
235,Ruth Gerda Mitchell,https://meritm.funeraltechweb.com/tribute/details/613/Ruth-Mitchell/obituary.html#tribute-start
236,John Francis Johnston,https://meritm.funeraltechweb.com/tribute/details/606/John-Johnston/obituary.html#tribute-start
237,Anna Louise Aldridge,https://meritm.funeraltechweb.com/tribute/details/609/Anna-Aldridge/obituary.html#tribute-start
238,Kevin Campbell,https://meritm.funeraltechweb.com/tribute/details/605/Kevin-Campbell/obituary.html#tribute-start
239,Dallas Jerry Kreps,https://meritm.funeraltechweb.com/tribute/details/595/Dallas-Kreps/obituary.html#tribute-start
240,Patricia A Johnson,https://meritm.funeraltechweb.com/tribute/details/596/Patricia-Johnson/obituary.html#tribute-start
241,Matthew McKown,https://meritm.funeraltechweb.com/tribute/details/592/Matthew-McKown/obituary.html#tribute-start
242,Troy Sloan,https://meritm.funeraltechweb.com/tribute/details/587/Troy-Sloan/obituary.html#tribute-start
243,Robin Speed,https://meritm.funeraltechweb.com/tribute/details/588/Robin-Speed/obituary.html#tribute-start
244,Albert William Johnson,https://meritm.funeraltechweb.com/tribute/details/590/Albert-Johnson-Jr/obituary.html#tribute-start
245,Stephen Alex Hudnall,https://meritm.funeraltechweb.com/tribute/details/584/Stephen-Hudnall/obituary.html#tribute-start
246,Cherine Ann Prather,https://meritm.funeraltechweb.com/tribute/details/580/Cherine-Prather/obituary.html#tribute-start
247,Robert H. Lord,https://meritm.funeraltechweb.com/tribute/details/574/Robert-Lord-Sr/obituary.html#tribute-start
248,Kay Frances Hohler,https://meritm.funeraltechweb.com/tribute/details/575/Kay-Hohler/obituary.html#tribute-start
249,Earl Wayne Staggs,https://meritm.funeraltechweb.com/tribute/details/573/Earl-Staggs/obituary.html#tribute-start
250,Jeffrey Scott Cooper,https://meritm.funeraltechweb.com/tribute/details/568/Jeffrey-Cooper/obituary.html#tribute-start
251,Bobbie Phillips,https://meritm.funeraltechweb.com/tribute/details/567/Bobbie-Phillips/obituary.html#tribute-start
252,Elizabeth Francis Muse,https://meritm.funeraltechweb.com/tribute/details/565/Elizabeth-Muse/obituary.html#tribute-start
253,Angelica Santamaria Carlos,https://meritm.funeraltechweb.com/tribute/details/566/Angelica-Santamaria-Carlos/obituary.html#tribute-start
254,Jeronimo Guevara,https://meritm.funeraltechweb.com/tribute/details/561/Jeronimo-Guevara/obituary.html#tribute-start
255,Mark Roehl,https://meritm.funeraltechweb.com/tribute/details/564/Mark-Roehl/obituary.html#tribute-start
256,Charles Scherr,https://meritm.funeraltechweb.com/tribute/details/557/Charles-Scherr/obituary.html#tribute-start
257,Marilyn Larson,https://meritm.funeraltechweb.com/tribute/details/556/Marilyn-Larson/obituary.html#tribute-start
258,Guadalupe Madrigal,https://meritm.funeraltechweb.com/tribute/details/559/Guadalupe-Madrigal/obituary.html#tribute-start
259,Robert Spain,https://meritm.funeraltechweb.com/tribute/details/551/Robert-Spain/obituary.html#tribute-start
260,Linda Carol Reeves,https://meritm.funeraltechweb.com/tribute/details/549/Linda-Reeves/obituary.html#tribute-start
261,Eleanor Lorraine Cook,https://meritm.funeraltechweb.com/tribute/details/550/Eleanor-Cook/obituary.html#tribute-start
262,Israel Sanchez,https://meritm.funeraltechweb.com/tribute/details/552/Israel-Sanchez/obituary.html#tribute-start
263,Ronald Eugene White,https://meritm.funeraltechweb.com/tribute/details/540/Ronald-White/obituary.html#tribute-start
264,Francis Rueben Reed,https://meritm.funeraltechweb.com/tribute/details/532/Francis-Reed/obituary.html#tribute-start
265,Lewis Earl Jones,https://meritm.funeraltechweb.com/tribute/details/536/Lewis-Jones/obituary.html#tribute-start
266,Randall Gale Goar,https://meritm.funeraltechweb.com/tribute/details/526/Randall-Goar/obituary.html#tribute-start
267,Jessica Ann Morgan,https://meritm.funeraltechweb.com/tribute/details/527/Jessica-Morgan/obituary.html#tribute-start
268,Joe Sidney Cabler,https://meritm.funeraltechweb.com/tribute/details/528/Joe-Cabler/obituary.html#tribute-start
269,Thomas Charles Farmer,https://meritm.funeraltechweb.com/tribute/details/531/Thomas-Farmer/obituary.html#tribute-start
270,Anthony Louis Pedrazine,https://meritm.funeraltechweb.com/tribute/details/524/Anthony-Pedrazine/obituary.html#tribute-start
271,Joe Allen McFadin,https://meritm.funeraltechweb.com/tribute/details/521/Joe-McFadin/obituary.html#tribute-start
272,Shelley Renee Moreno,https://meritm.funeraltechweb.com/tribute/details/523/Shelley-Moreno/obituary.html#tribute-start
273,Wanda McCullen-Cunningham,https://meritm.funeraltechweb.com/tribute/details/517/Wanda-McCullen-Cunningham/obituary.html#tribute-start
274,Bobby Lloyd Garrett,https://meritm.funeraltechweb.com/tribute/details/516/Bobby-Garrett/obituary.html#tribute-start
275,Olin Maxie Blanton,https://meritm.funeraltechweb.com/tribute/details/512/Olin-Blanton/obituary.html#tribute-start
276,Matthew MacGregor,https://meritm.funeraltechweb.com/tribute/details/501/Matthew-MacGregor/obituary.html#tribute-start
277,Philip A. Birka,https://meritm.funeraltechweb.com/tribute/details/500/Philip-Birka/obituary.html#tribute-start
278,Stacey Lynnette Ragsdale,https://meritm.funeraltechweb.com/tribute/details/497/Stacey-Ragsdale/obituary.html#tribute-start
279,Ralph Mills,https://meritm.funeraltechweb.com/tribute/details/493/Ralph-Mills/obituary.html#tribute-start
280,Randolph Crane,https://meritm.funeraltechweb.com/tribute/details/496/Randolph-Crane/obituary.html#tribute-start
281,Raymond Kidner,https://meritm.funeraltechweb.com/tribute/details/489/Raymond-Kidner/obituary.html#tribute-start
282,Laverne Darlene Black,https://meritm.funeraltechweb.com/tribute/details/483/Laverne-Black/obituary.html#tribute-start
283,"Dorothea ""Dotte"" Lifsey Thomason",https://meritm.funeraltechweb.com/tribute/details/484/Dorothea-Dotte-Thomason/obituary.html#tribute-start
284,Gwendolyn Hester,https://meritm.funeraltechweb.com/tribute/details/470/Gwendolyn-Hester/obituary.html#tribute-start
285,Helen Olszak,https://meritm.funeraltechweb.com/tribute/details/462/Helen-Olszak/obituary.html#tribute-start
286,Ana Martinez Acevedo,https://meritm.funeraltechweb.com/tribute/details/465/Ana-Martinez-Acevedo/obituary.html#tribute-start
287,Jim Demy Vandermeer,https://meritm.funeraltechweb.com/tribute/details/459/Jim-Vandermeer/obituary.html#tribute-start
288,Turkessa Dawn Hawkins,https://meritm.funeraltechweb.com/tribute/details/460/Turkessa-Hawkins/obituary.html#tribute-start
289,Kathleen Mary Weller,https://meritm.funeraltechweb.com/tribute/details/458/Kathleen-Weller/obituary.html#tribute-start
290,Lorraine 'Missy' Byrd,https://meritm.funeraltechweb.com/tribute/details/455/Lorraine-Byrd/obituary.html#tribute-start
291,Danny Emmette Davis,https://meritm.funeraltechweb.com/tribute/details/451/Danny-Davis/obituary.html#tribute-start
292,Margaret Costain Albers,https://meritm.funeraltechweb.com/tribute/details/507/Margaret-Albers/obituary.html#tribute-start
293,Peggy Gill Wiedrich,https://meritm.funeraltechweb.com/tribute/details/448/Peggy-Wiedrich/obituary.html#tribute-start
294,Larry Spruiell,https://meritm.funeraltechweb.com/tribute/details/446/Larry-Spruiell/obituary.html#tribute-start
295,Timothy Lynn Slagle,https://meritm.funeraltechweb.com/tribute/details/447/Timothy-Slagle/obituary.html#tribute-start
296,Christina Lynn Carr,https://meritm.funeraltechweb.com/tribute/details/449/Christina-Carr/obituary.html#tribute-start
297,Arnold Anderson,https://meritm.funeraltechweb.com/tribute/details/441/Arnold-Anderson/obituary.html#tribute-start
298,Leslie Gardipe,https://meritm.funeraltechweb.com/tribute/details/440/Leslie-Gardipe/obituary.html#tribute-start
299,Rene Denise Oliver,https://meritm.funeraltechweb.com/tribute/details/438/Rene-Oliver/obituary.html#tribute-start
300,"Esteban ""Steve"" Hernandez",https://meritm.funeraltechweb.com/tribute/details/436/Esteban-Steve-Hernandez/obituary.html#tribute-start
301,Eugene Richard Mertz,https://meritm.funeraltechweb.com/tribute/details/433/Eugene-Mertz/obituary.html#tribute-start
302,Betty Byram,https://meritm.funeraltechweb.com/tribute/details/434/Betty-Byram/obituary.html#tribute-start
303,Shirli Kaye Salter,https://meritm.funeraltechweb.com/tribute/details/432/Shirli-Salter/obituary.html#tribute-start
304,Judy McMillin,https://meritm.funeraltechweb.com/tribute/details/431/Judy-McMillin/obituary.html#tribute-start
305,Julian Ernesto Arce,https://meritm.funeraltechweb.com/tribute/details/427/Julian-Arce/obituary.html#tribute-start
306,Tara Elizabeth Petroll,https://meritm.funeraltechweb.com/tribute/details/422/Tara-Petroll/obituary.html#tribute-start
307,Judith Craddock,https://meritm.funeraltechweb.com/tribute/details/417/Judith-Craddock/obituary.html#tribute-start
308,Dr. Dee Hart Norton,https://meritm.funeraltechweb.com/tribute/details/415/Dr-Dee-Norton/obituary.html#tribute-start
309,Edward Francis Turner,https://meritm.funeraltechweb.com/tribute/details/413/Edward-Turner/obituary.html#tribute-start
310,Melanie Ann Konopa,https://meritm.funeraltechweb.com/tribute/details/420/Melanie-Konopa/obituary.html#tribute-start
311,Audrey Knowles,https://meritm.funeraltechweb.com/tribute/details/406/Audrey-Knowles/obituary.html#tribute-start
312,Doris Ann Dodson,https://meritm.funeraltechweb.com/tribute/details/403/Doris-Dodson/obituary.html#tribute-start
313,Elaine Salinas,https://meritm.funeraltechweb.com/tribute/details/398/Elaine-Salinas/obituary.html#tribute-start
314,Stephanie Milke Gentry,https://meritm.funeraltechweb.com/tribute/details/385/Stephanie-Gentry/obituary.html#tribute-start
315,Donald Downey,https://meritm.funeraltechweb.com/tribute/details/375/Donald-Downey/obituary.html#tribute-start
316,Kurt Damone Abrams,https://meritm.funeraltechweb.com/tribute/details/366/Kurt-Abrams/obituary.html#tribute-start
317,Edward Shelly,https://meritm.funeraltechweb.com/tribute/details/367/Edward-Shelly/obituary.html#tribute-start
318,Joseph Anthony,https://meritm.funeraltechweb.com/tribute/details/368/Joseph-Anthony/obituary.html#tribute-start
319,Francis S. Gill,https://meritm.funeraltechweb.com/tribute/details/360/Francis-Gill-Jr/obituary.html#tribute-start
320,Barbara Jean Minissale,https://meritm.funeraltechweb.com/tribute/details/351/Barbara-Minissale/obituary.html#tribute-start
321,Edgar Antonio Alvarez Perez,https://meritm.funeraltechweb.com/tribute/details/350/Edgar-Alvarez-Perez/obituary.html#tribute-start
322,"David ""Mike"" Michael Leon",https://meritm.funeraltechweb.com/tribute/details/342/David-Mike-Leon/obituary.html#tribute-start
323,Chrisy McClaskey,https://meritm.funeraltechweb.com/tribute/details/343/Chrisy-McClaskey/obituary.html#tribute-start
324,Lara Michaelle Batten,https://meritm.funeraltechweb.com/tribute/details/344/Lara-Batten/obituary.html#tribute-start
325,Frances Marie Rhodes,https://meritm.funeraltechweb.com/tribute/details/345/Frances-Rhodes/obituary.html#tribute-start
326,Jeffrey Henderson,https://meritm.funeraltechweb.com/tribute/details/341/Jeffrey-Henderson/obituary.html#tribute-start
327,Luis Angel Gaytan,https://meritm.funeraltechweb.com/tribute/details/336/Luis-Gaytan/obituary.html#tribute-start
328,"Barba ""Bobbie"" Murdoch-Steele",https://meritm.funeraltechweb.com/tribute/details/332/Barba-Bobbie-Murdoch-Steele/obituary.html#tribute-start
329,Mark Fish,https://meritm.funeraltechweb.com/tribute/details/331/Mark-Fish/obituary.html#tribute-start
330,Mary Wehnes,https://meritm.funeraltechweb.com/tribute/details/329/Mary-Wehnes/obituary.html#tribute-start
331,Edith Marie McIntosh,https://meritm.funeraltechweb.com/tribute/details/328/Edith-McIntosh/obituary.html#tribute-start
332,Barbara Jane Melander,https://meritm.funeraltechweb.com/tribute/details/325/Barbara-Melander/obituary.html#tribute-start
333,Phyllis Buser,https://meritm.funeraltechweb.com/tribute/details/326/Phyllis-Buser/obituary.html#tribute-start
334,Michael Terry Langston,https://meritm.funeraltechweb.com/tribute/details/324/Michael-Langston/obituary.html#tribute-start
335,Jeffrey Lynn Rigby,https://meritm.funeraltechweb.com/tribute/details/317/Jeffrey-Rigby/obituary.html#tribute-start
336,Benjamin Hernandez-Moreno,https://meritm.funeraltechweb.com/tribute/details/314/Benjamin-Hernandez-Moreno/obituary.html#tribute-start
337,Virginia Newell,https://meritm.funeraltechweb.com/tribute/details/310/Virginia-Newell/obituary.html#tribute-start
338,Delores Kara Hamm,https://meritm.funeraltechweb.com/tribute/details/306/Delores-Hamm/obituary.html#tribute-start
339,Jo Ann Johnston,https://meritm.funeraltechweb.com/tribute/details/304/Jo-Johnston/obituary.html#tribute-start
340,Ruth Ann Jennings,https://meritm.funeraltechweb.com/tribute/details/305/Ruth-Jennings/obituary.html#tribute-start
341,Earl J. Fogarty JR,https://meritm.funeraltechweb.com/tribute/details/299/Earl-Fogarty-JR/obituary.html#tribute-start
342,James Robert Arnold,https://meritm.funeraltechweb.com/tribute/details/298/James-Arnold/obituary.html#tribute-start
343,Mary M. Wogget Fournier,https://meritm.funeraltechweb.com/tribute/details/297/Mary-M-Fournier/obituary.html#tribute-start
344,Mary Jane Wilson,https://meritm.funeraltechweb.com/tribute/details/290/Mary-Wilson/obituary.html#tribute-start
345,Judith Simmons,https://meritm.funeraltechweb.com/tribute/details/292/Judith-Simmons/obituary.html#tribute-start
346,Miguel Angel Rodriguez Mendez,https://meritm.funeraltechweb.com/tribute/details/289/Miguel-Rodriguez-Mendez/obituary.html#tribute-start
347,Richard Orr Knott,https://meritm.funeraltechweb.com/tribute/details/283/Richard-Knott/obituary.html#tribute-start
348,Guillermina Rodriguez,https://meritm.funeraltechweb.com/tribute/details/284/Guillermina-Rodriguez/obituary.html#tribute-start
349,Linda Crook,https://meritm.funeraltechweb.com/tribute/details/281/Linda-Crook/obituary.html#tribute-start
350,Sharon Elaine Dennis,https://meritm.funeraltechweb.com/tribute/details/282/Sharon-Dennis/obituary.html#tribute-start
351,Luis Antonio Palacios,https://meritm.funeraltechweb.com/tribute/details/279/Luis-Palacios/obituary.html#tribute-start
352,Christeen C. McIntosh,https://meritm.funeraltechweb.com/tribute/details/276/Christeen-McIntosh/obituary.html#tribute-start
353,Carolyn June Meeks,https://meritm.funeraltechweb.com/tribute/details/274/Carolyn-Meeks/obituary.html#tribute-start
354,Robert Hourihan,https://meritm.funeraltechweb.com/tribute/details/273/Robert-Hourihan/obituary.html#tribute-start
355,Josephine Gertrude Oprendek,https://meritm.funeraltechweb.com/tribute/details/270/Josephine-Oprendek/obituary.html#tribute-start
356,Bobby McClure,https://meritm.funeraltechweb.com/tribute/details/268/Bobby-McClure/obituary.html#tribute-start
357,Wayne Earl Houston,https://meritm.funeraltechweb.com/tribute/details/267/Wayne-Houston/obituary.html#tribute-start
358,Sandra Barchers,https://meritm.funeraltechweb.com/tribute/details/264/Sandra-Barchers/obituary.html#tribute-start
359,Fidel Fernando Bacigalupo,https://meritm.funeraltechweb.com/tribute/details/265/Fidel-Bacigalupo/obituary.html#tribute-start
360,Cherie Carol Jones,https://meritm.funeraltechweb.com/tribute/details/262/Cherie-Jones/obituary.html#tribute-start
361,Sheryl Lynn Sherey,https://meritm.funeraltechweb.com/tribute/details/258/Sheryl-Sherey/obituary.html#tribute-start
362,William Glassman,https://meritm.funeraltechweb.com/tribute/details/261/William-Glassman/obituary.html#tribute-start
363,Suzanne Rogers Speights,https://meritm.funeraltechweb.com/tribute/details/256/Suzanne-Speights/obituary.html#tribute-start
364,Mamie Katherine Sullivan,https://meritm.funeraltechweb.com/tribute/details/257/Mamie-Sullivan/obituary.html#tribute-start
365,Daniel Marston Krausse,https://meritm.funeraltechweb.com/tribute/details/251/Daniel-Krausse/obituary.html#tribute-start
366,Mary Jane Hardy,https://meritm.funeraltechweb.com/tribute/details/247/Mary-Hardy/obituary.html#tribute-start
367,Kelly Dawn Rupp,https://meritm.funeraltechweb.com/tribute/details/242/Kelly-Rupp/obituary.html#tribute-start
368,Richard William Peterson,https://meritm.funeraltechweb.com/tribute/details/233/Richard-Peterson/obituary.html#tribute-start
369,Julio Montenegro,https://meritm.funeraltechweb.com/tribute/details/234/Julio-Montenegro/obituary.html#tribute-start
370,Thomas Ormsby,https://meritm.funeraltechweb.com/tribute/details/236/Thomas-Ormsby/obituary.html#tribute-start
371,Suzanne Goodwin-Dyer,https://meritm.funeraltechweb.com/tribute/details/240/Suzanne-Goodwin-Dyer/obituary.html#tribute-start
372,Evelyn Havens,https://meritm.funeraltechweb.com/tribute/details/232/Evelyn-Havens/obituary.html#tribute-start
373,Eric Walter Steil,https://meritm.funeraltechweb.com/tribute/details/229/Eric-Steil/obituary.html#tribute-start
374,Pamela Kay Harrison,https://meritm.funeraltechweb.com/tribute/details/228/Pamela-Harrison/obituary.html#tribute-start
375,David Allen Rhodes,https://meritm.funeraltechweb.com/tribute/details/231/David-Rhodes/obituary.html#tribute-start
376,Michael Thomas Keller,https://meritm.funeraltechweb.com/tribute/details/224/Michael-Keller/obituary.html#tribute-start
377,Dianna Bamburg,https://meritm.funeraltechweb.com/tribute/details/226/Dianna-Bamburg/obituary.html#tribute-start
378,Nelson Omar Gutierrez,https://meritm.funeraltechweb.com/tribute/details/220/Nelson-Gutierrez/obituary.html#tribute-start
379,Elizabeth Buckley Brooks,https://meritm.funeraltechweb.com/tribute/details/216/Elizabeth-Brooks/obituary.html#tribute-start
380,Frankie Markham,https://meritm.funeraltechweb.com/tribute/details/218/Frankie-Markham/obituary.html#tribute-start
381,Carolyn Turner Waters,https://meritm.funeraltechweb.com/tribute/details/215/Carolyn-Waters/obituary.html#tribute-start
382,Kwangho Ha,https://meritm.funeraltechweb.com/tribute/details/203/Kwangho-Ha/obituary.html#tribute-start
383,Brandon Colt Bennett,https://meritm.funeraltechweb.com/tribute/details/214/Brandon-Bennett/obituary.html#tribute-start
384,Gui Sun Weon,https://meritm.funeraltechweb.com/tribute/details/208/Gui-Weon/obituary.html#tribute-start
385,Kamla Tripathi,https://meritm.funeraltechweb.com/tribute/details/207/Kamla-Tripathi/obituary.html#tribute-start
386,Joaquin Martinez,https://meritm.funeraltechweb.com/tribute/details/209/Joaquin-Martinez/obituary.html#tribute-start
387,Constance Craven,https://meritm.funeraltechweb.com/tribute/details/210/Constance-Craven/obituary.html#tribute-start
388,Teofilo Tellez,https://meritm.funeraltechweb.com/tribute/details/206/Teofilo-Tellez/obituary.html#tribute-start
389,Joseph Pugh,https://meritm.funeraltechweb.com/tribute/details/204/Joseph-Pugh/obituary.html#tribute-start
390,Florence Revolee Vesey,https://meritm.funeraltechweb.com/tribute/details/195/Florence-Vesey/obituary.html#tribute-start
391,Donna Jean Thompson,https://meritm.funeraltechweb.com/tribute/details/201/Donna-Thompson/obituary.html#tribute-start
392,Lee Booth,https://meritm.funeraltechweb.com/tribute/details/197/Lee-Booth/obituary.html#tribute-start
393,Anne Urbach,https://meritm.funeraltechweb.com/tribute/details/198/Anne-Urbach/obituary.html#tribute-start
394,Michael Pugh,https://meritm.funeraltechweb.com/tribute/details/202/Michael-Pugh/obituary.html#tribute-start
395,Philip Aldridge,https://meritm.funeraltechweb.com/tribute/details/192/Philip-Aldridge/obituary.html#tribute-start
396,Douglas Lynn Fromm,https://meritm.funeraltechweb.com/tribute/details/193/Douglas-Fromm/obituary.html#tribute-start
397,"Charles ""Glen"" Burton",https://meritm.funeraltechweb.com/tribute/details/189/Charles-Burton/obituary.html#tribute-start
398,Lynn M. Stelly,https://meritm.funeraltechweb.com/tribute/details/190/Lynn-Stelly/obituary.html#tribute-start
399,Barbara Williams,https://meritm.funeraltechweb.com/tribute/details/186/Barbara-Williams/obituary.html#tribute-start
400,Charles Lowry Hagood,https://meritm.funeraltechweb.com/tribute/details/181/Charles-Hagood/obituary.html#tribute-start
401,Tommy Burnett,https://meritm.funeraltechweb.com/tribute/details/182/Tommy-Burnett/obituary.html#tribute-start
402,Frances Jean Ramirez,https://meritm.funeraltechweb.com/tribute/details/180/Frances-Ramirez/obituary.html#tribute-start
403,George Peveto,https://meritm.funeraltechweb.com/tribute/details/177/George-Peveto/obituary.html#tribute-start
404,Chester Emil Bieniosek,https://meritm.funeraltechweb.com/tribute/details/178/Chester-Bieniosek/obituary.html#tribute-start
405,Brenda Jordan,https://meritm.funeraltechweb.com/tribute/details/176/Brenda-Jordan/obituary.html#tribute-start
406,Velma Jean Cox,https://meritm.funeraltechweb.com/tribute/details/174/Velma-Cox/obituary.html#tribute-start
407,Janie Brown,https://meritm.funeraltechweb.com/tribute/details/173/Janie-Brown/obituary.html#tribute-start
408,Gregory Thomas McClanahan,https://meritm.funeraltechweb.com/tribute/details/171/Gregory-McClanahan/obituary.html#tribute-start
409,Karla Butler,https://meritm.funeraltechweb.com/tribute/details/172/Karla-Butler/obituary.html#tribute-start
410,Henry Berthold Best,https://meritm.funeraltechweb.com/tribute/details/170/Henry-Best/obituary.html#tribute-start
411,David Shannon McGrael,https://meritm.funeraltechweb.com/tribute/details/168/David-McGrael/obituary.html#tribute-start
412,William E. Oxley,https://meritm.funeraltechweb.com/tribute/details/169/William-Oxley/obituary.html#tribute-start
413,Donald Gene Crafton,https://meritm.funeraltechweb.com/tribute/details/165/Donald-Crafton/obituary.html#tribute-start
414,William Lane Sr.,https://meritm.funeraltechweb.com/tribute/details/167/William-Lane-Sr/obituary.html#tribute-start
415,Leo Floyd Miller,https://meritm.funeraltechweb.com/tribute/details/70/Leo-Miller/obituary.html#tribute-start
416,Elisabeth Bilan,https://meritm.funeraltechweb.com/tribute/details/161/Elisabeth-Bilan/obituary.html#tribute-start
417,Patricia Castellanos,https://meritm.funeraltechweb.com/tribute/details/158/Patricia-Castellanos/obituary.html#tribute-start
418,Pearl Louise Moore,https://meritm.funeraltechweb.com/tribute/details/159/Pearl-Moore/obituary.html#tribute-start
419,Eric Schnoebelen,https://meritm.funeraltechweb.com/tribute/details/156/Eric-Schnoebelen/obituary.html#tribute-start
420,Sheila Grace Rowland,https://meritm.funeraltechweb.com/tribute/details/157/Sheila-Rowland/obituary.html#tribute-start
421,Glenn Francis O'Brien,https://meritm.funeraltechweb.com/tribute/details/153/Glenn-O-Brien/obituary.html#tribute-start
422,Charles Bruce Simmons,https://meritm.funeraltechweb.com/tribute/details/152/Charles-Simmons/obituary.html#tribute-start
423,Robert Sprinkle,https://meritm.funeraltechweb.com/tribute/details/150/Robert-Sprinkle/obituary.html#tribute-start
424,Misti Lu Johnston,https://meritm.funeraltechweb.com/tribute/details/147/Misti-Johnston/obituary.html#tribute-start
425,Lawrence Thomas Ricamore,https://meritm.funeraltechweb.com/tribute/details/149/Lawrence-Ricamore/obituary.html#tribute-start
426,Jack Light,https://meritm.funeraltechweb.com/tribute/details/145/Jack-Light/obituary.html#tribute-start
427,John Wathne,https://meritm.funeraltechweb.com/tribute/details/141/John-Wathne/obituary.html#tribute-start
428,Kathy Kelley Verrijcke,https://meritm.funeraltechweb.com/tribute/details/138/Kathy-Verrijcke/obituary.html#tribute-start
429,Virginia Lee Headley,https://meritm.funeraltechweb.com/tribute/details/139/Virginia-Headley/obituary.html#tribute-start
430,Bruce Daniel Webster,https://meritm.funeraltechweb.com/tribute/details/137/Bruce-Webster/obituary.html#tribute-start
431,Merlin Reuben Hauan,https://meritm.funeraltechweb.com/tribute/details/132/Merlin-Hauan/obituary.html#tribute-start
432,Linda Lu Houston,https://meritm.funeraltechweb.com/tribute/details/131/Linda-Houston/obituary.html#tribute-start
433,Beth Ann Lensing,https://meritm.funeraltechweb.com/tribute/details/130/Beth-Lensing/obituary.html#tribute-start
434,Sharon Mustard,https://meritm.funeraltechweb.com/tribute/details/140/Sharon-Mustard/obituary.html#tribute-start
435,Jose Federico Jurado,https://meritm.funeraltechweb.com/tribute/details/129/Jose-Jurado/obituary.html#tribute-start
436,Shirley Ann Bell,https://meritm.funeraltechweb.com/tribute/details/128/Shirley-Bell/obituary.html#tribute-start
437,Brenda Joyce Carson,https://meritm.funeraltechweb.com/tribute/details/125/Brenda-Carson/obituary.html#tribute-start
438,Gary Alan Barnes,https://meritm.funeraltechweb.com/tribute/details/126/Gary-Barnes/obituary.html#tribute-start
439,Douglas Ray Wilson,https://meritm.funeraltechweb.com/tribute/details/127/Douglas-Wilson/obituary.html#tribute-start
440,David Matthews,https://meritm.funeraltechweb.com/tribute/details/123/David-Matthews/obituary.html#tribute-start
441,Donald Wayne Taylor,https://meritm.funeraltechweb.com/tribute/details/124/Donald-Taylor/obituary.html#tribute-start
442,Marion Farmer,https://meritm.funeraltechweb.com/tribute/details/122/Marion-Farmer/obituary.html#tribute-start
443,James Ross Wetzel,https://meritm.funeraltechweb.com/tribute/details/119/James-Wetzel/obituary.html#tribute-start
444,Donna Anderson,https://meritm.funeraltechweb.com/tribute/details/120/Donna-Anderson/obituary.html#tribute-start
445,Anne Louise Londeree,https://meritm.funeraltechweb.com/tribute/details/116/Anne-Londeree/obituary.html#tribute-start
446,Richard Allen Byers,https://meritm.funeraltechweb.com/tribute/details/118/Richard-Byers/obituary.html#tribute-start
447,Judith Ann Brinck,https://meritm.funeraltechweb.com/tribute/details/114/Judith-Brinck/obituary.html#tribute-start
448,Margaret Peggy Edwards,https://meritm.funeraltechweb.com/tribute/details/112/Margaret-Edwards/obituary.html#tribute-start
449,Thomas Farmer,https://meritm.funeraltechweb.com/tribute/details/113/Thomas-Farmer/obituary.html#tribute-start
450,Iris Marie Paul,https://meritm.funeraltechweb.com/tribute/details/108/Iris-Paul/obituary.html#tribute-start
451,Carol Sue Brown,https://meritm.funeraltechweb.com/tribute/details/106/Carol-Brown/obituary.html#tribute-start
452,Norma Rochelle Newman,https://meritm.funeraltechweb.com/tribute/details/103/Norma-Newman/obituary.html#tribute-start
453,Maggie Lee Meadows,https://meritm.funeraltechweb.com/tribute/details/100/Maggie-Meadows/obituary.html#tribute-start
454,Weldon Bond,https://meritm.funeraltechweb.com/tribute/details/96/Weldon-Bond/obituary.html#tribute-start
455,Leon Diaz,https://meritm.funeraltechweb.com/tribute/details/99/Leon-Diaz/obituary.html#tribute-start
456,Joe Robert Woods,https://meritm.funeraltechweb.com/tribute/details/101/Joe-Woods/obituary.html#tribute-start
457,Mario Santos,https://meritm.funeraltechweb.com/tribute/details/93/Mario-Santos/obituary.html#tribute-start
458,Alice Faye Ogilvie,https://meritm.funeraltechweb.com/tribute/details/91/Alice-Ogilvie/obituary.html#tribute-start
459,Deborah Kay Weers,https://meritm.funeraltechweb.com/tribute/details/92/Deborah-Weers/obituary.html#tribute-start
460,Joyce Dixon,https://meritm.funeraltechweb.com/tribute/details/90/Joyce-Dixon/obituary.html#tribute-start
461,Melvin McGarity,https://meritm.funeraltechweb.com/tribute/details/89/Melvin-McGarity/obituary.html#tribute-start
462,Allan Eugene Hassell,https://meritm.funeraltechweb.com/tribute/details/87/Allan-Hassell/obituary.html#tribute-start
463,Vincente Munoz,https://meritm.funeraltechweb.com/tribute/details/85/Vincente-Munoz/obituary.html#tribute-start
464,Willard Christopher Phillips,https://meritm.funeraltechweb.com/tribute/details/84/Willard-Phillips/obituary.html#tribute-start
465,Domingo Urias,https://meritm.funeraltechweb.com/tribute/details/83/Domingo-Urias/obituary.html#tribute-start
466,Deborah Ann Dyer,https://meritm.funeraltechweb.com/tribute/details/81/Deborah-Dyer/obituary.html#tribute-start
467,Marilyn Darby Shanks,https://meritm.funeraltechweb.com/tribute/details/77/Marilyn-Shanks/obituary.html#tribute-start
468,David Stephen Baber,https://meritm.funeraltechweb.com/tribute/details/75/David-Baber/obituary.html#tribute-start
469,Joe Hudson Looney,https://meritm.funeraltechweb.com/tribute/details/78/Joe-Looney/obituary.html#tribute-start
470,Marie Elizabeth Quilter,https://meritm.funeraltechweb.com/tribute/details/73/Marie-Quilter/obituary.html#tribute-start
471,Desmina Suzette Hoang-Davis,https://meritm.funeraltechweb.com/tribute/details/74/Desmina-Hoang-Davis/obituary.html#tribute-start
472,Stephanie Anne Kensil,https://meritm.funeraltechweb.com/tribute/details/72/Stephanie-Kensil/obituary.html#tribute-start
473,Christopher Chad Moses,https://meritm.funeraltechweb.com/tribute/details/69/Christopher-Moses/obituary.html#tribute-start
474,Patricia Kay Clark,https://meritm.funeraltechweb.com/tribute/details/68/Patricia-Clark/obituary.html#tribute-start
475,Jon Paul Ortiz,https://meritm.funeraltechweb.com/tribute/details/62/Jon-Ortiz/obituary.html#tribute-start
476,Dr. Michael G. Rider,https://meritm.funeraltechweb.com/tribute/details/63/Dr-Michael-Rider/obituary.html#tribute-start
477,Nancy Patterson Warren,https://meritm.funeraltechweb.com/tribute/details/60/Nancy-Warren/obituary.html#tribute-start
478,Hans Russell Larsen,https://meritm.funeraltechweb.com/tribute/details/58/Hans-Larsen/obituary.html#tribute-start
479,Joseph H Levine,https://meritm.funeraltechweb.com/tribute/details/59/Joseph-Levine/obituary.html#tribute-start
480,Barbara Darlene Hiler,https://meritm.funeraltechweb.com/tribute/details/61/Barbara-Hiler/obituary.html#tribute-start
481,Sharon Morrissey,https://meritm.funeraltechweb.com/tribute/details/55/Sharon-Morrissey/obituary.html#tribute-start
482,Celeta Jeannine Moyer,https://meritm.funeraltechweb.com/tribute/details/56/Celeta-Moyer/obituary.html#tribute-start
483,Allen Dale Walker,https://meritm.funeraltechweb.com/tribute/details/57/Allen-Walker/obituary.html#tribute-start
484,William Walter Henry Pugh,https://meritm.funeraltechweb.com/tribute/details/54/William-Pugh/obituary.html#tribute-start
485,Lorraine Stewart Turrella,https://meritm.funeraltechweb.com/tribute/details/51/Lorraine-Turrella/obituary.html#tribute-start
486,Jose Miquel Medrano,https://meritm.funeraltechweb.com/tribute/details/52/Jose-Medrano/obituary.html#tribute-start
487,Joan Popovitch,https://meritm.funeraltechweb.com/tribute/details/49/Joan-Popovitch/obituary.html#tribute-start
488,Janice Joann Jaghab,https://meritm.funeraltechweb.com/tribute/details/50/Janice-Jaghab/obituary.html#tribute-start
489,Marsha W Rausch,https://meritm.funeraltechweb.com/tribute/details/48/Marsha-Rausch/obituary.html#tribute-start
490,Kathleen Kelly Ammann,https://meritm.funeraltechweb.com/tribute/details/43/Kathleen-Ammann/obituary.html#tribute-start
491,Marina De Jesus Lemus,https://meritm.funeraltechweb.com/tribute/details/45/Marina-Lemus/obituary.html#tribute-start
492,James Lee Fulton,https://meritm.funeraltechweb.com/tribute/details/42/James-Fulton/obituary.html#tribute-start
493,Gladys Nora Davis,https://meritm.funeraltechweb.com/tribute/details/38/Gladys-Davis/obituary.html#tribute-start
494,Elizabeth H. Ponthieux,https://meritm.funeraltechweb.com/tribute/details/37/Elizabeth-Ponthieux/obituary.html#tribute-start
495,Laura Susan Monroe,https://meritm.funeraltechweb.com/tribute/details/41/Laura-Monroe/obituary.html#tribute-start
496,Jack Weldon Davidson,https://meritm.funeraltechweb.com/tribute/details/40/Jack-Davidson/obituary.html#tribute-start
497,Alfredo Alberto Salazar Molina,https://meritm.funeraltechweb.com/tribute/details/34/Alfredo-Salazar-Molina/obituary.html#tribute-start
498,Betty King Weissman,https://meritm.funeraltechweb.com/tribute/details/35/Betty-Weissman/obituary.html#tribute-start
499,Janet Rowland,https://meritm.funeraltechweb.com/tribute/details/33/Janet-Rowland/obituary.html#tribute-start
500,Cynthia Elaine Welch,https://meritm.funeraltechweb.com/tribute/details/32/Cynthia-Welch/obituary.html#tribute-start
501,Rita Margaret Tabor,https://meritm.funeraltechweb.com/tribute/details/31/Rita-Tabor/obituary.html#tribute-start
502,Mary Elizabeth Marrs,https://meritm.funeraltechweb.com/tribute/details/30/Mary-Marrs/obituary.html#tribute-start
503,James Elvin Shurett,https://meritm.funeraltechweb.com/tribute/details/28/James-Shurett/obituary.html#tribute-start
504,Patrick Michael Clendenin,https://meritm.funeraltechweb.com/tribute/details/29/Patrick-Clendenin/obituary.html#tribute-start
505,Jimmie Marie Powell,https://meritm.funeraltechweb.com/tribute/details/21/Jimmie-Powell/obituary.html#tribute-start
506,Raymond Dudley Conrad,https://meritm.funeraltechweb.com/tribute/details/23/Raymond-Conrad/obituary.html#tribute-start
507,Louise Sawyer McGraw,https://meritm.funeraltechweb.com/tribute/details/19/Louise-McGraw/obituary.html#tribute-start
508,Ophelia Mildred Whaley,https://meritm.funeraltechweb.com/tribute/details/20/Ophelia-Whaley/obituary.html#tribute-start
509,Dorothy Jane Spears,https://meritm.funeraltechweb.com/tribute/details/22/Dorothy-Spears/obituary.html#tribute-start
510,Robert Harlowe Johnson,https://meritm.funeraltechweb.com/tribute/details/17/Robert-Johnson/obituary.html#tribute-start
511,Marcella Weisbruch,https://meritm.funeraltechweb.com/tribute/details/13/Marcella-Weisbruch/obituary.html#tribute-start
512,Tammy Borskey Seals,https://meritm.funeraltechweb.com/tribute/details/16/Tammy-Seals/obituary.html#tribute-start
513,Roger Flood,https://meritm.funeraltechweb.com/tribute/details/7/Roger-Flood/obituary.html#tribute-start
514,Malinda Elizabeth Dickey,https://meritm.funeraltechweb.com/tribute/details/11/Malinda-Dickey/obituary.html#tribute-start
515,Garth Dean Nix,https://meritm.funeraltechweb.com/tribute/details/9/Garth-Nix/obituary.html#tribute-start
516,Alan Robert Alexander,https://meritm.funeraltechweb.com/tribute/details/4/Alan-Alexander/obituary.html#tribute-start
517,Mannon Leroy Mauldin,https://meritm.funeraltechweb.com/tribute/details/5/Mannon-Mauldin/obituary.html#tribute-start